{
  "0": {
    "precision": 0.8055555555555556,
    "recall": 0.90625,
    "f1-score": 0.8529411764705882,
    "support": 32.0
  },
  "1": {
    "precision": 0.875,
    "recall": 0.75,
    "f1-score": 0.8076923076923077,
    "support": 28.0
  },
  "accuracy": 0.8333333333333334,
  "macro avg": {
    "precision": 0.8402777777777778,
    "recall": 0.828125,
    "f1-score": 0.8303167420814479,
    "support": 60.0
  },
  "weighted avg": {
    "precision": 0.837962962962963,
    "recall": 0.8333333333333334,
    "f1-score": 0.8318250377073907,
    "support": 60.0
  }
}